host_species,host_order,viral_richness_observed,zoonotic_richness_observed,viral_richness_base_predict,viral_richness_max_predict,zoonotic_richness_base_predict,zoonotic_richness_max_predict,missing_viruses,missing_zoonoses
Abrothrix_longipilis,RODENTIA,1,1,1.18810756790143,13.6491895925476,0.832118578338811,9.53108329716021,12.6491895925476,8.53108329716021
Abrothrix_olivaceus,RODENTIA,1,1,1.23944794532991,13.8046518388148,0.844652140000239,9.80478223858705,12.8046518388148,8.80478223858705
Acinonyx_jubatus,CARNIVORA,6,1,5.30442648217675,14.4440649893275,3.23883387211502,7.52760305967235,8.4440649893275,6.52760305967235
Aepyceros_melampus,CETARTIODACTYLA,9,3,5.59301266157335,21.9189824287523,2.8427444935688,6.49591222334299,12.9189824287523,3.49591222334299
Aethomys_kaiseri,RODENTIA,1,0,1.81260696312213,24.628235679763,0.635927945995851,13.2802987124687,23.628235679763,13.2802987124687
Aethomys_namaquensis,RODENTIA,2,2,2.32048012387317,25.8449096871369,1.38211524415481,15.0665568829229,23.8449096871369,13.0665568829229
Akodon_azarae,RODENTIA,3,3,2.62407202341231,14.2176150470751,2.51418784405177,10.3645570394006,11.2176150470751,7.36455703940061
Akodon_montensis,RODENTIA,2,2,1.98240195446745,21.4002275593724,1.72084732692591,15.436954919332,19.4002275593724,13.436954919332
Akodon_simulator,RODENTIA,1,1,1.02436183954208,13.7684559075696,0.898056032848821,10.3529009504078,12.7684559075696,9.35290095040781
Akodon_varius,RODENTIA,1,1,1.56784470761713,20.6506489348981,0.780755790428174,13.5870122043911,19.6506489348981,12.5870122043911
Alcelaphus_buselaphus,CETARTIODACTYLA,7,2,4.18348929696962,23.5990635284796,2.33908790856469,6.93643693321259,16.5990635284796,4.93643693321259
Alopex_lagopus,CARNIVORA,1,1,4.16315897210496,9.99963080702822,0.63228465081418,6.23269958315779,8.99963080702822,5.23269958315779
Alouatta_caraya,PRIMATES,3,3,4.93567319895678,26.2495843684412,2.27398705437071,17.6040792218878,23.2495843684412,14.6040792218878
Alouatta_palliata,PRIMATES,2,2,3.5321019220193,22.4238232068065,1.39977619345146,14.4148550220942,20.4238232068065,12.4148550220942
Alouatta_pigra,PRIMATES,2,2,1.83572208158471,22.396781026074,1.41005861652384,13.6465100714922,20.396781026074,11.6465100714922
Alouatta_seniculus,PRIMATES,1,1,3.69343742983895,34.1132493116676,0.766032169409876,23.3376241517713,33.1132493116676,22.3376241517713
Ammotragus_lervia,CETARTIODACTYLA,2,0,1.9612203847445,12.1376082791311,0.704417514609304,3.75415138909114,10.1376082791311,3.75415138909114
Anoura_geoffroyi,CHIROPTERA,8,6,3.40960622140745,33.5061848622937,6.83850934745473,24.266709573157,25.5061848622937,18.266709573157
Antidorcas_marsupialis,CETARTIODACTYLA,5,3,2.69682682772959,14.3426398969296,1.80530984165162,4.6138597936941,9.34263989692957,1.6138597936941
Antilocapra_americana,CETARTIODACTYLA,6,2,2.87674187801616,13.1392205757646,2.23267475851487,4.64658684637681,7.13922057576462,2.64658684637681
Antilope_cervicapra,CETARTIODACTYLA,3,1,3.14577102323466,14.1653088183442,0.991863796605813,4.17862275344167,11.1653088183442,3.17862275344167
Antrozous_pallidus,CHIROPTERA,1,1,2.94600339278251,24.1067835566785,0.883150646781909,18.6961668214644,23.1067835566785,17.6961668214644
Aotus_azarae,PRIMATES,1,1,2.78205904963245,23.4552001424584,0.809727598267512,15.9871210580865,22.4552001424584,14.9871210580865
Aotus_trivirgatus,PRIMATES,9,7,10.2268155433103,24.2255279270695,7.33903128904306,18.6058719104754,15.2255279270695,11.6058719104754
Apodemus_agrarius,RODENTIA,5,5,8.5608099529425,15.9489677805788,2.95671523590346,9.17168453612138,10.9489677805788,4.17168453612138
Apodemus_argenteus,RODENTIA,1,0,2.97759969788506,13.5707986413926,0.694308344408149,8.34502254182574,12.5707986413926,8.34502254182574
Apodemus_flavicollis,RODENTIA,9,6,9.00106796083369,16.0785562136897,5.61908666886772,9.97796907113798,7.07855621368966,3.97796907113798
Apodemus_mystacinus,RODENTIA,1,1,1.48067140011913,13.6757461255062,0.710547542358402,8.35721985978301,12.6757461255062,7.35721985978301
Apodemus_peninsulae,RODENTIA,1,1,3.59473791931403,16.2915058087417,0.648618319654483,9.25628163841203,15.2915058087417,8.25628163841203
Apodemus_speciosus,RODENTIA,1,0,4.64316642618728,13.5447099021528,0.667457851856162,8.33537605318719,12.5447099021528,8.33537605318719
Apodemus_sylvaticus,RODENTIA,19,10,11.8950793141853,16.2526122431497,11.6264968631819,10.1843310113632,-2.74738775685028,0.184331011363206
Apodemus_uralensis,RODENTIA,1,1,2.2511247432351,16.3954442635308,0.706472228482121,9.92507941817711,15.3954442635308,8.92507941817711
Artibeus_cinereus,CHIROPTERA,4,4,2.88130464837571,38.0136113767163,3.66211950760071,29.1036559970402,34.0136113767163,25.1036559970402
Artibeus_fimbriatus,CHIROPTERA,1,1,2.88572422343928,32.1404528181375,0.915653273280206,24.5994856343676,31.1404528181375,23.5994856343676
Artibeus_jamaicensis,CHIROPTERA,14,13,6.21626301402244,33.0601954111329,10.966148176727,23.3550739207568,19.0601954111329,10.3550739207568
Artibeus_lituratus,CHIROPTERA,18,16,8.38991171200973,37.8920453244038,15.5272537370951,28.7595066564074,19.8920453244038,12.7595066564074
Artibeus_phaeotis,CHIROPTERA,6,6,3.20616609366522,43.5627887290266,5.14539752412124,31.2605768441066,37.5627887290266,25.2605768441066
Artibeus_planirostris,CHIROPTERA,1,1,3.31464098236698,43.6583335961369,0.911842084723698,33.4180166480259,42.6583335961369,32.4180166480259
Artibeus_toltecus,CHIROPTERA,2,2,2.05253315866062,27.034655588536,1.66007505818819,18.7884933888485,25.034655588536,16.7884933888485
Arvicanthis_neumanni,RODENTIA,1,0,1.81620579058017,24.611434542522,0.611927044489026,13.1179683901776,23.611434542522,13.1179683901776
Arvicanthis_niloticus,RODENTIA,11,4,6.38784060728813,24.7298861397427,6.69597033899945,13.5209186366505,13.7298861397427,9.52091863665051
Arvicola_amphibius,RODENTIA,2,2,1.37404848665291,16.7641188083368,1.48157316134634,10.5179434376403,14.7641188083368,8.51794343764032
Arvicola_scherman,RODENTIA,2,2,1.36166774831752,14.699339661457,1.47852172201842,9.24665549210999,12.699339661457,7.24665549210999
Ateles_geoffroyi,PRIMATES,2,0,4.17225979409233,22.6059281527095,1.35737631910034,13.9917291860356,20.6059281527095,13.9917291860356
Atilax_paludinosus,CARNIVORA,1,1,1.18681753185931,15.295912712493,0.654606298351583,8.41957527452257,14.295912712493,7.41957527452257
Baiomys_taylori,RODENTIA,3,2,1.24919639676947,15.240857228701,2.28474715046543,9.88380618344056,12.240857228701,7.88380618344056
Bandicota_bengalensis,RODENTIA,1,1,4.03480755079076,18.1929830970151,0.598156349680084,9.92054155068374,17.1929830970151,8.92054155068374
Bandicota_indica,RODENTIA,4,2,5.9244634232877,27.012459357276,2.48274094966319,14.7796819258262,23.012459357276,12.7796819258262
Bandicota_savilei,RODENTIA,2,2,2.29378207069039,24.7616070866765,1.29538066749027,13.4202273921614,22.7616070866765,11.4202273921614
Barbastella_barbastellus,CHIROPTERA,2,2,2.88700415151915,20.4385367888102,1.64394163611642,15.244743472893,18.4385367888102,13.244743472893
Bassaricyon_gabbii,CARNIVORA,1,1,1.22099661827265,16.5899133628045,0.729451439762034,10.2900758414669,15.5899133628045,9.29007584146689
Bison_bison,CETARTIODACTYLA,7,2,6.69431806579301,13.0213581250681,2.25644229412295,4.14410539026809,6.02135812506813,2.14410539026809
Bison_bonasus,CETARTIODACTYLA,2,0,2.89220649377995,12.8629403230722,0.623209736602059,3.82814097933955,10.8629403230722,3.82814097933955
Blastocerus_dichotomus,CETARTIODACTYLA,1,1,2.81807745396915,19.9505704508104,0.42090671490902,7.13268861038007,18.9505704508104,6.13268861038007
Boselaphus_tragocamelus,CETARTIODACTYLA,1,1,2.50456243423166,13.5700942022795,0.341445935262078,4.0218879943314,12.5700942022795,3.0218879943314
Bradypus_tridactylus,PILOSA,3,3,1.86975357003223,17.2693787014205,2.34998281812465,11.7020309252516,14.2693787014205,8.70203092525158
Bradypus_variegatus,PILOSA,4,4,1.75956786602531,17.840253254828,3.22949926774477,12.1904014574064,13.840253254828,8.1904014574064
Bubalus_arnee,CETARTIODACTYLA,1,0,1.49384863768724,19.6760199711618,0.350705877932948,5.76891472108461,18.6760199711618,5.76891472108461
Callithrix_geoffroyi,PRIMATES,1,1,2.28126271159242,19.8215911820811,0.721661753493069,12.2192197334972,18.8215911820811,11.2192197334972
Callithrix_jacchus,PRIMATES,7,4,6.84767907658745,21.4457820010836,4.66539346046262,14.0744265231553,14.4457820010836,10.0744265231553
Calomys_callosus,RODENTIA,5,3,5.53049283042437,24.9370413125044,3.99033996589703,17.104666675873,19.9370413125044,14.104666675873
Calomys_laucha,RODENTIA,2,2,1.64789151985736,14.3183123333613,1.72185233298696,10.4930424518172,12.3183123333613,8.49304245181721
Calomys_musculinus,RODENTIA,2,2,2.6943722211684,15.1989539599832,1.66247080061428,10.9011451512637,13.1989539599832,8.90114515126366
Calomys_tener,RODENTIA,1,1,1.65346990693444,22.466010219466,0.813824740509861,15.2724813554639,21.466010219466,14.2724813554639
Caluromys_derbianus,DIDELPHIMORPHIA,1,1,1.047265023158,14.1915055550464,0.806890216780315,9.5731913758886,13.1915055550464,8.5731913758886
Caluromys_philander,DIDELPHIMORPHIA,4,4,1.82818655238159,18.5359779075945,3.32599459655735,13.1704062605539,14.5359779075945,9.17040626055392
Canis_adustus,CARNIVORA,3,1,2.20698748279074,15.6243609264387,1.92815476267213,8.4835251109546,12.6243609264387,7.4835251109546
Canis_aureus,CARNIVORA,1,0,1.99637756693178,9.11093196139073,0.608317468700991,5.06189036748498,8.11093196139073,5.06189036748498
Canis_latrans,CARNIVORA,5,3,5.62694312122664,9.68101990585829,3.20606339347475,6.27986780122866,4.68101990585829,3.27986780122866
Canis_lupus,CARNIVORA,3,1,5.30578674848395,9.3195192862705,1.62430882864487,5.30222960214208,6.3195192862705,4.30222960214208
Canis_mesomelas,CARNIVORA,5,2,3.12044434066057,16.3068592987652,3.00678789582215,8.63042390392197,11.3068592987652,6.63042390392197
Canis_simensis,CARNIVORA,4,2,1.18325478640737,11.2717561931441,2.45282078533742,5.8328256670833,7.27175619314413,3.8328256670833
Capra_aegagrus,CETARTIODACTYLA,2,1,1.9857127328134,12.606451411418,0.74494331429656,4.12802413100267,10.606451411418,3.12802413100267
Capra_ibex,CETARTIODACTYLA,3,0,3.49064463059874,11.2945917970744,0.971114419417968,3.49389388266809,8.29459179707438,3.49389388266809
Capra_pyrenaica,CETARTIODACTYLA,1,0,2.61485488574711,11.7603145693685,0.341805907533671,3.58568112565322,10.7603145693685,3.58568112565322
Capreolus_capreolus,CETARTIODACTYLA,9,1,11.2951428008138,14.35693354596,2.93880426492564,4.88756462077081,5.35693354595997,3.88756462077081
Capricornis_crispus,CETARTIODACTYLA,1,0,2.63799534604721,11.8423575901521,0.357812302615301,3.78157481404008,10.8423575901521,3.78157481404008
Carollia_brevicauda,CHIROPTERA,3,3,2.75861656602834,35.5535346154701,2.63079060169988,26.1466652415142,32.5535346154701,23.1466652415142
Carollia_perspicillata,CHIROPTERA,15,12,7.48441229800686,33.5986516875164,12.1376166673929,24.5402971518116,18.5986516875164,12.5402971518116
Carollia_subrufa,CHIROPTERA,1,1,2.05931873571755,26.5408614072202,0.800606120586255,17.7435265002009,25.5408614072202,16.7435265002009
Castor_fiber,RODENTIA,1,1,1.99194352627592,9.04131431184241,0.622031627918784,5.60603331075862,8.04131431184241,4.60603331075862
Cebus_apella,PRIMATES,3,3,8.44857895182189,29.2982388487001,2.00641515295799,19.1850049096026,26.2982388487001,16.1850049096026
Cebus_capucinus,PRIMATES,1,1,4.37241469309079,22.1300036561617,0.663994928439152,13.4056020283734,21.1300036561617,12.4056020283734
Cephalophus_callipygus,CETARTIODACTYLA,1,1,1.40189584084628,18.4648764714776,0.378209842341865,5.87617981780513,17.4648764714776,4.87617981780513
Cephalophus_dorsalis,CETARTIODACTYLA,3,1,2.0039192363792,21.6325087717334,1.07278561504687,6.49370355474579,18.6325087717334,5.49370355474579
Cephalophus_leucogaster,CETARTIODACTYLA,3,1,1.500747629029,19.7668890779754,1.06121978067281,5.96517100260504,16.7668890779754,4.96517100260504
Cephalophus_nigrifrons,CETARTIODACTYLA,2,0,1.87570260965077,21.5484028803727,0.705327871053853,6.34616311721351,19.5484028803727,6.34616311721351
Cephalophus_weynsi,CETARTIODACTYLA,2,0,1.48636766172031,19.5774853346427,0.663599342325165,5.61982770786213,17.5774853346427,5.61982770786213
Ceratotherium_simum,PERISSODACTYLA,5,2,3.4179051761174,15.4333048727373,1.46245487593485,4.23000138617458,10.4333048727373,2.23000138617458
Cercocebus_torquatus,PRIMATES,1,1,1.84925316540889,19.3466402878731,0.770201864718698,12.7982487719451,18.3466402878731,11.7982487719451
Cercopithecus_mona,PRIMATES,5,4,2.8200055100356,19.9642201176543,3.52854242577594,11.9542003537417,14.9642201176543,7.95420035374172
Cercopithecus_nictitans,PRIMATES,4,3,2.20425097911941,21.6611643671802,2.76275019494314,12.7079505717422,17.6611643671802,9.70795057174223
Chaetodipus_hispidus,RODENTIA,1,1,1.23189262715908,15.4626973057409,0.852876318845807,11.0143967517709,14.4626973057409,10.0143967517709
Chaetodipus_spinatus,RODENTIA,1,1,0.991361879676714,13.4698224785347,0.805602683793734,9.25727718100635,12.4698224785347,8.25727718100635
Chironectes_minimus,DIDELPHIMORPHIA,1,1,1.57356397638709,21.3803131379867,0.900466612661764,16.1612727522544,20.3803131379867,15.1612727522544
Chlorocebus_aethiops,PRIMATES,10,6,1.95811142483158,18.0854676664217,6.40298284373876,9.72088857689807,8.08546766642173,3.72088857689807
Chlorocebus_pygerythrus,PRIMATES,3,3,1.73956348204724,23.6357800049353,1.9297321763406,12.8917642445867,20.6357800049353,9.89176424458666
Chlorocebus_sabaeus,PRIMATES,3,1,1.75103185925652,21.9789249610436,1.97427412467121,12.2355303679258,18.9789249610436,11.2355303679258
Choeropsis_liberiensis,CETARTIODACTYLA,1,1,1.83783422292436,19.2271768326532,0.353716774922834,5.81358177088749,18.2271768326532,4.81358177088749
Choloepus_didactylus,PILOSA,2,2,2.93682344683781,21.3895410634874,1.57887597002221,14.3632848288517,19.3895410634874,12.3632848288517
Chrotopterus_auritus,CHIROPTERA,1,1,2.92601958914908,39.3286533554329,0.891027158380984,29.3694466834414,38.3286533554329,28.3694466834414
Chrysocyon_brachyurus,CARNIVORA,1,1,3.60969990781643,16.4921286948552,0.724495814925265,10.5877448867688,15.4921286948552,9.58774488676876
Coendou_prehensilis,RODENTIA,1,1,3.79746712034984,30.1689537126971,0.810127775444719,20.443473873862,29.1689537126971,19.443473873862
Colobus_guereza,PRIMATES,3,2,5.21124071629288,25.0432793782011,2.02809407759205,15.0019914186633,22.0432793782011,13.0019914186633
Colobus_polykomos,PRIMATES,1,1,1.99026108392498,19.5582866383591,0.705550344238443,11.8561617339913,18.5582866383591,10.8561617339913
Connochaetes_gnou,CETARTIODACTYLA,2,1,1.25629007528911,12.7375212615768,0.761431435858821,4.09823409454752,10.7375212615768,3.09823409454752
Connochaetes_taurinus,CETARTIODACTYLA,9,2,5.29149274053174,24.1489541516298,2.96267844880742,7.31624962855694,15.1489541516298,5.31624962855694
Cricetomys_emini,RODENTIA,1,1,1.81937447947648,24.0033605785223,0.676102561737328,13.5590869486823,23.0033605785223,12.5590869486823
Cricetus_cricetus,RODENTIA,1,0,3.88487014564232,17.6649400283247,0.651236177841208,10.8642496684114,16.6649400283247,10.8642496684114
Crocidura_leucodon,EULIPOTYPHLA,1,1,0.831389635080182,4.34468694892162,0.740942084393896,2.86394334738476,3.34468694892162,1.86394334738476
Crocidura_russula,EULIPOTYPHLA,1,1,0.946352637727541,4.26473044995137,0.686176075114244,2.72442289385928,3.26473044995137,1.72442289385928
Crocuta_crocuta,CARNIVORA,6,2,3.84892339305955,17.331582012214,3.31527096721398,9.22566815886628,11.331582012214,7.22566815886628
Cynictis_penicillata,CARNIVORA,1,1,1.22088826284991,9.69933914448245,0.692614210559366,5.68558735756501,8.69933914448245,4.68558735756501
Cynomops_abrasus,CHIROPTERA,1,1,2.87600612295237,37.8809154319704,0.82753362527357,27.1204104376854,36.8809154319704,26.1204104376854
Cynomys_ludovicianus,RODENTIA,1,1,3.63281568316957,15.6702386954743,0.713691212794248,10.559305207345,14.6702386954743,9.55930520734497
Cynopterus_brachyotis,CHIROPTERA,8,4,3.36885887551317,31.1153836769385,5.70923458627998,19.0208916613066,23.1153836769385,15.0208916613066
Cynopterus_sphinx,CHIROPTERA,5,4,2.8199801520588,33.3992850877549,3.48614698847737,20.4668046542334,28.3992850877549,16.4668046542334
Damaliscus_lunatus,CETARTIODACTYLA,4,1,2.19968675958004,20.9543482435889,1.3809426691959,6.17745907404133,16.9543482435889,5.17745907404133
Damaliscus_pygargus,CETARTIODACTYLA,1,1,1.0701611968981,13.7924253869135,0.374857269823937,4.33198058753763,12.7924253869135,3.33198058753763
Dasymys_incomtus,RODENTIA,2,1,2.60402233737845,34.3553720378705,1.29956708625666,18.6560445186516,32.3553720378705,17.6560445186516
Dasyprocta_leporina,RODENTIA,3,3,2.73112886228075,30.4186095211032,2.33620098937484,19.8241248951752,27.4186095211032,16.8241248951752
Dasypus_novemcinctus,CINGULATA,4,4,4.68488005527341,14.83041464034,2.83122215308357,9.85272205546854,10.83041464034,5.85272205546854
Desmodillus_auricularis,RODENTIA,1,1,1.121790236268,15.2419773752154,0.753545428217277,9.61205994011083,14.2419773752154,8.61205994011083
Desmodus_rotundus,CHIROPTERA,9,8,8.05267730894346,30.7944846861846,7.0711321074947,22.3539114239791,21.7944846861846,14.3539114239791
Diaemus_youngi,CHIROPTERA,1,1,2.95232851432336,34.9667928161141,0.862320718316069,25.3200106749138,33.9667928161141,24.3200106749138
Diceros_bicornis,PERISSODACTYLA,4,1,6.79342998354368,22.7417194937433,1.14251037997564,6.28046241623425,18.7417194937433,5.28046241623425
Diclidurus_albus,CHIROPTERA,1,1,2.70575716041255,35.6385048540224,0.850468076790492,25.8569909473799,34.6385048540224,24.8569909473799
Didelphis_marsupialis,DIDELPHIMORPHIA,9,9,10.1460961391087,20.8211285048439,7.21276360250301,15.9915355281277,11.8211285048439,6.99153552812775
Didelphis_virginiana,DIDELPHIMORPHIA,3,3,4.90412856933268,10.7666751323906,2.36908841313537,8.36272992217376,7.76667513239064,5.36272992217376
Diphylla_ecaudata,CHIROPTERA,1,1,2.73475102596297,33.3654099952044,0.891233160336833,24.9376944344577,32.3654099952044,23.9376944344577
Dipodomys_heermanni,RODENTIA,2,2,1.0664132796093,14.4895601289142,1.64693717425615,9.98029004351099,12.4895601289142,7.98029004351099
Dipodomys_merriami,RODENTIA,1,1,2.35009924295325,14.9197874540115,0.781788361903709,10.6930183428339,13.9197874540115,9.6930183428339
Dipodomys_nitratoides,RODENTIA,2,2,1.01171780445996,13.7464023015415,1.4777608908079,8.48120288446423,11.7464023015415,6.48120288446423
Dobsonia_moluccensis,CHIROPTERA,1,1,1.58665876475711,19.3580767338643,0.736560706507825,11.9817088096353,18.3580767338643,10.9817088096353
Eidolon_helvum,CHIROPTERA,10,8,5.74387046551144,32.4011738510123,6.9299515677415,19.5839357381957,22.4011738510123,11.5839357381957
Eonycteris_spelaea,CHIROPTERA,5,3,4.26668191391904,32.9189260018115,3.71272162360058,20.7251183598683,27.9189260018115,17.7251183598683
Epomophorus_gambianus,CHIROPTERA,2,1,2.45057516457899,31.5834429527511,1.49250949293631,19.6902756378442,29.5834429527511,18.6902756378442
Epomophorus_wahlbergi,CHIROPTERA,1,0,2.50772633933389,32.320017326655,0.726950832022953,19.7228879022754,31.320017326655,19.7228879022754
Epomops_franqueti,CHIROPTERA,4,4,2.54563290030142,32.8085637394148,2.99020592974939,20.4971498106618,28.8085637394148,16.4971498106618
Eptesicus_diminutus,CHIROPTERA,1,1,2.20457837020365,29.874277757255,1.01712458562383,25.7654776993661,28.874277757255,24.7654776993661
Eptesicus_furinalis,CHIROPTERA,1,1,3.00707466792743,31.4596146203183,1.00427695670781,26.390607644654,30.4596146203183,25.390607644654
Eptesicus_fuscus,CHIROPTERA,5,5,5.63101678686532,22.0679203634396,4.15301190082995,17.7991518080797,17.0679203634396,12.7991518080797
Eptesicus_serotinus,CHIROPTERA,3,2,5.03423029616245,22.9200323610788,2.35422884405878,16.6843547535039,19.9200323610788,14.6843547535039
Equus_hemionus,PERISSODACTYLA,1,0,3.26814306071445,24.494892181883,0.297557031859935,6.60604520539202,23.494892181883,6.60604520539202
Equus_quagga,PERISSODACTYLA,7,1,3.51998686364134,36.8256336897225,2.2400761944154,10.3460205519226,29.8256336897225,9.3460205519226
Erethizon_dorsatum,RODENTIA,2,2,3.64480366309011,17.9396824405645,1.4641937073119,11.7592009718344,15.9396824405645,9.7592009718344
Erinaceus_europaeus,EULIPOTYPHLA,1,1,1.45076309426872,3.80293446274684,0.844811876627317,3.21226695831919,2.80293446274684,2.21226695831919
Euderma_maculatum,CHIROPTERA,1,1,1.88266449325085,23.6311757580189,1.02248843305483,20.4125464614341,22.6311757580189,19.4125464614341
Eudorcas_thomsonii,CETARTIODACTYLA,6,1,1.50656203880109,19.8434727691941,1.95125387084235,5.81302879832212,13.8434727691941,4.81302879832212
Eulemur_albifrons,PRIMATES,1,1,0.959244985700887,12.9987445796428,0.608620913700408,6.65677880043282,11.9987445796428,5.65677880043282
Eulemur_macaco,PRIMATES,1,1,1.29535935434306,12.7294904957687,0.600073520951389,6.51826578781222,11.7294904957687,5.51826578781222
Eumops_glaucinus,CHIROPTERA,1,1,2.88986560546707,39.1606163544488,0.874889721015284,28.6272445474393,38.1606163544488,27.6272445474393
Eumops_perotis,CHIROPTERA,1,1,2.98401083462713,36.4065115918214,0.891911098790185,27.2856986277781,35.4065115918214,26.2856986277781
Felis_silvestris,CARNIVORA,7,1,1.99031839233345,9.09057311422903,4.00197504821586,4.93665005973305,2.09057311422903,3.93665005973305
Galago_senegalensis,PRIMATES,1,1,3.15944245635791,23.0109250287953,0.599529325069702,12.540716801716,22.0109250287953,11.540716801716
Galictis_cuja,CARNIVORA,1,1,0.977097140787973,11.9211022861041,0.794872799496563,7.91510251178506,10.9211022861041,6.91510251178506
Gazella_dorcas,CETARTIODACTYLA,1,0,2.22364302501166,13.7616905270591,0.343274446876269,4.14274265938207,12.7616905270591,4.14274265938207
Gazella_gazella,CETARTIODACTYLA,3,1,2.44730139463782,12.7891399901024,1.09309030798225,4.13546151845558,9.78913999010239,3.13546151845558
Gazella_subgutturosa,CETARTIODACTYLA,2,0,2.71494338250459,16.0102377496907,0.719809579265239,5.11111130162639,14.0102377496907,5.11111130162639
Genetta_genetta,CARNIVORA,1,1,2.12527802051432,10.3311400029621,0.623062543870552,5.7377555356281,9.33114000296205,4.7377555356281
Genetta_maculata,CARNIVORA,2,0,1.12665730449833,15.2673516653953,1.29775601316847,8.27926746632424,13.2673516653953,8.27926746632424
Gerbilliscus_brantsii,RODENTIA,1,1,1.68157438733924,22.1486236246167,0.667643105491305,13.5992500189235,21.1486236246167,12.5992500189235
Gerbilliscus_kempi,RODENTIA,6,1,2.0665549085148,24.9701115585503,3.81321935170598,14.2949713194141,18.9701115585503,13.2949713194141
Gerbilliscus_leucogaster,RODENTIA,1,1,1.91437551881406,25.2149314128671,0.666682905293166,14.9261434364731,24.2149314128671,13.9261434364731
Giraffa_camelopardalis,CETARTIODACTYLA,6,2,4.71132126531279,19.3627915689461,1.82620680215525,5.63245283022049,13.3627915689461,3.63245283022049
Glaucomys_volans,RODENTIA,1,1,3.39696694337014,16.1539016063922,0.730883971123519,10.6068189012386,15.1539016063922,9.60681890123856
Glossophaga_commissarisi,CHIROPTERA,1,1,3.20333948243233,43.408506017468,0.867312418693814,31.441069841754,42.408506017468,30.441069841754
Glossophaga_longirostris,CHIROPTERA,1,1,3.11618870338972,41.8847179835083,0.913063183267528,31.9545821050147,40.8847179835083,30.9545821050147
Glossophaga_morenoi,CHIROPTERA,1,1,2.20469859102068,26.6392969013001,0.915934288591014,20.5306604177852,25.6392969013001,19.5306604177852
Glossophaga_soricina,CHIROPTERA,9,9,5.90071250977949,32.6049083190057,7.65175422455652,24.6314237409471,23.6049083190057,15.6314237409471
Gorilla_gorilla,PRIMATES,10,9,9.79778708714736,18.6590205199669,8.7186348130672,16.7036264074866,8.65902051996691,7.70362640748663
Graomys_griseoflavus,RODENTIA,1,1,1.50425295284526,16.2385612187283,0.848162300297373,11.6185316907806,15.2385612187283,10.6185316907806
Handleyomys_alfaroi,RODENTIA,1,1,1.84357062800264,24.2823346219243,0.692914555332725,15.1562720296707,23.2823346219243,14.1562720296707
Heliosciurus_rufobrachium,RODENTIA,1,1,2.28693951065755,27.9018724859798,0.685956796226547,15.9821842197674,26.9018724859798,14.9821842197674
Herpestes_sanguineus,CARNIVORA,1,1,1.03295003501553,13.6279102679342,0.651808057454559,7.41732079197309,12.6279102679342,6.41732079197309
Heteromys_anomalus,RODENTIA,4,3,2.30092407938523,22.6111704847137,3.5613229381925,16.8240525330847,18.6111704847137,13.8240525330847
Hipposideros_abae,CHIROPTERA,1,1,2.45674622546702,33.0211462158252,0.740353577680428,20.787841435732,32.0211462158252,19.787841435732
Hipposideros_armiger,CHIROPTERA,2,2,4.30243760393022,36.2733260870055,1.44108528970656,22.0401862974471,34.2733260870055,20.0401862974471
Hipposideros_bicolor,CHIROPTERA,1,1,2.72460322663965,28.5044360280008,0.765348216775414,18.3132494400027,27.5044360280008,17.3132494400027
Hipposideros_caffer,CHIROPTERA,2,2,2.98759112532308,32.2513452895837,1.45535450047487,19.7904114828855,30.2513452895837,17.7904114828855
Hipposideros_cineraceus,CHIROPTERA,1,1,2.22599606410754,30.1645092796415,0.732607464806922,18.5029506413129,29.1645092796415,17.5029506413129
Hipposideros_diadema,CHIROPTERA,1,0,2.92903474941697,35.7357742539234,0.756983867669011,22.708251927226,34.7357742539234,22.708251927226
Hipposideros_larvatus,CHIROPTERA,1,1,2.67054805383259,33.5206780903286,0.740239117178316,20.7834946300813,32.5206780903286,19.7834946300813
Hipposideros_pomona,CHIROPTERA,2,2,2.35521478376036,31.0728056989859,1.42370261140276,18.4766196379151,29.0728056989859,16.4766196379151
Hipposideros_speoris,CHIROPTERA,2,2,1.43157546393471,17.9691132012022,1.38771974561775,10.6356180512052,15.9691132012022,8.63561805120519
Hippotragus_equinus,CETARTIODACTYLA,3,1,5.2832724640191,25.1240194462576,1.01079213317657,7.39815946804281,22.1240194462576,6.39815946804281
Hippotragus_niger,CETARTIODACTYLA,5,3,3.96945934910482,23.9690236125752,1.6689491339333,7.00028966491413,18.9690236125752,4.00028966491413
Holochilus_sciureus,RODENTIA,1,1,2.4109080380644,31.8075776109432,0.829877879954118,22.0459133263656,30.8075776109432,21.0459133263656
Hoplomys_gymnurus,RODENTIA,1,1,1.45765692509711,19.8054619793002,0.745149805505162,12.4015673621414,18.8054619793002,11.4015673621414
Hydromys_chrysogaster,RODENTIA,2,2,3.0778952755778,15.3544748805588,1.51320805766232,9.95110773476432,13.3544748805588,7.95110773476432
Hylaeamys_laticeps,RODENTIA,5,4,1.73816112356917,21.0021408013057,3.77971945245309,14.6008108119328,16.0021408013057,10.6008108119328
Hylaeamys_megacephalus,RODENTIA,9,7,2.25178765522025,29.659108531587,6.78567137959738,19.6425239254695,20.659108531587,12.6425239254695
Hylobates_lar,PRIMATES,2,2,5.08253687600088,23.1850789890213,1.59754231228303,17.3405028456921,21.1850789890213,15.3405028456921
Hylobates_moloch,PRIMATES,1,1,1.17664984100999,15.1648697277512,0.89490169930016,11.452376050342,14.1648697277512,10.452376050342
Hylobates_pileatus,PRIMATES,2,2,1.45917411078318,16.763249914985,1.7028705221771,12.0576675073047,14.763249914985,10.0576675073047
Hystrix_africaeaustralis,RODENTIA,1,1,1.71757471793513,22.6602965690789,0.65737805421134,12.5217421143673,21.6602965690789,11.5217421143673
Ichneumia_albicauda,CARNIVORA,2,2,1.21375073354399,16.0132489700996,1.30559524495178,8.73066704338254,14.0132489700996,6.73066704338254
Isoodon_macrourus,PERAMELEMORPHIA,1,0,1.58538566197696,8.94316067241673,0.0231246354707429,0.182009871674175,7.94316067241673,0.182009871674175
Kobus_ellipsiprymnus,CETARTIODACTYLA,9,3,3.38366691940581,24.6440018707027,3.04003712204674,7.15684358922631,15.6440018707027,4.15684358922631
Lagothrix_lagotricha,PRIMATES,1,1,3.02842108725492,24.781197417421,0.714792094366414,15.0780687264075,23.781197417421,14.0780687264075
Lasionycteris_noctivagans,CHIROPTERA,1,1,2.88268556130327,20.995242752168,0.877410548519733,16.2517324992897,19.995242752168,15.2517324992897
Lasiurus_cinereus,CHIROPTERA,2,2,3.53085735978097,21.8517836424036,2.17166521505491,21.4173424354143,19.8517836424036,19.4173424354143
Lasiurus_ega,CHIROPTERA,1,1,2.82331701748243,33.4388062593852,1.10378082736535,30.9058751959232,32.4388062593852,29.9058751959232
Lasiurus_xanthinus,CHIROPTERA,1,1,1.68848591729795,22.8807004388384,1.13496243694298,21.7585887699567,21.8807004388384,20.7585887699567
Lemniscomys_rosalia,RODENTIA,1,0,1.80693804661317,23.7998336610971,0.663239802647524,13.3020798701823,22.7998336610971,13.3020798701823
Lemniscomys_striatus,RODENTIA,4,2,4.38656141669368,25.287313223218,2.59374610898886,13.9873188452692,21.287313223218,11.9873188452692
Lemur_catta,PRIMATES,2,2,2.80603710323179,12.6890339668048,1.11841084114235,6.65770233864265,10.6890339668048,4.65770233864265
Leontopithecus_chrysomelas,PRIMATES,1,1,2.30509132681749,20.0286348807425,0.804531507440519,13.8766058750537,19.0286348807425,12.8766058750537
Leopardus_pardalis,CARNIVORA,2,1,3.17890054157287,16.0892974581634,1.42687922184791,10.0802850612414,14.0892974581634,9.08028506124136
Leptonycteris_curasoae,CHIROPTERA,1,1,2.32596716159576,31.2633437430686,0.861593364015783,22.9042944297965,30.2633437430686,21.9042944297965
Lepus_americanus,LAGOMORPHA,3,3,2.30285533555819,10.4056150023505,2.02929546191382,6.73886376847041,7.40561500235052,3.73886376847041
Lepus_californicus,LAGOMORPHA,7,4,2.4674622214688,11.8577032095646,5.02701291828569,7.64339503364724,4.85770320956462,3.64339503364724
Lepus_capensis,LAGOMORPHA,2,1,2.33865928104498,10.5309098126363,1.29577653790975,6.14157111662225,8.53090981263634,5.14157111662225
Lepus_europaeus,LAGOMORPHA,2,0,6.29355120824069,10.9128775194021,1.27966630840919,6.98215099442528,8.91287751940208,6.98215099442528
Lepus_saxatilis,LAGOMORPHA,1,1,1.36727455472645,12.2469491564352,0.714957082835486,7.32980693821212,11.2469491564352,6.32980693821212
Lepus_timidus,LAGOMORPHA,2,1,2.7268419003523,10.5566957384399,1.33630519504542,6.69143390535021,8.55669573843991,5.69143390535021
Liomys_adspersus,RODENTIA,1,1,1.5297916770365,20.561942508967,0.810579706808041,14.1327442374148,19.561942508967,13.1327442374148
Lonchophylla_robusta,CHIROPTERA,2,2,2.33862856459873,31.4335257649333,1.72263294523027,22.643896576476,29.4335257649333,20.643896576476
Lontra_canadensis,CARNIVORA,6,2,1.35791130342463,11.448384390597,4.39798477043602,7.25459689685782,5.44838439059698,5.25459689685782
Lophocebus_albigena,PRIMATES,3,2,1.62484018782621,21.8394903239787,2.20189197499404,13.52203289278,18.8394903239787,11.52203289278
Lophostoma_silvicolum,CHIROPTERA,2,2,2.75307363056,37.4065352261388,1.76000975555257,27.6618084750736,35.4065352261388,25.6618084750736
Lophuromys_flavopunctatus,RODENTIA,2,1,1.9927761375012,23.6020449590348,1.28157192997099,12.6999463904546,21.6020449590348,11.6999463904546
Lophuromys_sikapusi,RODENTIA,3,2,2.72798398935305,25.9869393980223,1.99993371948155,14.5284063405189,22.9869393980223,12.5284063405189
Loxodonta_africana,PROBOSCIDEA,5,3,5.59611465890165,12.5077250391143,2.80329650639139,7.23602870831519,7.50772503911434,4.23602870831519
Loxodontomys_micropus,RODENTIA,1,1,1.08859188087805,14.6317724212646,0.872160735924266,10.6923554943548,13.6317724212646,9.69235549435482
Lutra_lutra,CARNIVORA,1,1,2.37750427828197,10.3536561802407,0.552112228788133,5.84505224737283,9.35365618024072,4.84505224737283
Lycaon_pictus,CARNIVORA,4,2,3.16110051843204,14.4438542841167,2.26081345708008,7.54970910203855,10.4438542841167,5.54970910203855
Lynx_lynx,CARNIVORA,2,2,2.59473528606442,10.2307148608116,1.15645477584757,5.83457863248733,8.23071486081161,3.83457863248733
Lynx_pardinus,CARNIVORA,1,0,1.75902863024751,8.28525683136676,0.621007168710778,4.51960998865557,7.28525683136676,4.51960998865557
Lynx_rufus,CARNIVORA,2,1,2.45214451708872,10.1356912670682,1.3399259186481,6.39869626809869,8.13569126706821,5.39869626809869
Macaca_arctoides,PRIMATES,2,2,4.6166739839257,20.9229637081706,1.36717979143734,13.259437790549,18.9229637081706,11.259437790549
Macaca_cyclopis,PRIMATES,2,2,2.48296562858095,12.7630261654943,1.80999596224355,10.0533141815119,10.7630261654943,8.05331418151192
Macaca_fascicularis,PRIMATES,17,13,8.892166847466,23.5026267630609,11.3142835731073,15.3586534577245,6.50262676306086,2.35865345772446
Macaca_maura,PRIMATES,1,1,0.915427621143212,12.4049747517795,0.736597373960048,7.63434647511888,11.4049747517795,6.63434647511888
Macaca_mulatta,PRIMATES,22,10,14.0386461938801,23.1907847315027,13.6820995198065,14.8328110704423,1.19078473150272,4.83281107044234
Macaca_nemestrina,PRIMATES,3,1,4.72191599836902,20.7478199985858,2.08963351998602,13.9568379308856,17.7478199985858,12.9568379308856
Macaca_nigra,PRIMATES,1,1,1.3290722376462,13.0607868469731,0.832172584277586,9.28762915619503,12.0607868469731,8.28762915619503
Macaca_ochreata,PRIMATES,1,1,0.929116118718338,12.5904678075792,0.78970613326294,8.32493332917251,11.5904678075792,7.32493332917251
Macaca_radiata,PRIMATES,5,4,2.8432549871847,12.9295171917498,3.55902809600867,8.52032038214212,7.92951719174976,4.52032038214212
Macaca_silenus,PRIMATES,1,1,1.28327954801105,12.6107822937718,0.755298293545992,8.45295166627369,11.6107822937718,7.45295166627369
Macaca_sylvanus,PRIMATES,3,3,1.34072497707273,12.77182669128,2.30385490111615,8.80752465803287,9.77182669128001,5.80752465803287
Macaca_tonkeana,PRIMATES,1,1,1.01970969601485,12.4409980143039,0.758620329144167,8.03954674216317,11.4409980143039,7.03954674216317
Macroglossus_minimus,CHIROPTERA,1,0,2.64121575466108,31.2820350539673,0.770390683395564,20.1531026488031,30.2820350539673,20.1531026488031
Macropus_agilis,DIPROTODONTIA,4,3,5.75012038263372,9.31215750713209,2.41716043902801,4.80357191430064,5.31215750713209,1.80357191430064
Macropus_fuliginosus,DIPROTODONTIA,3,1,2.20200460690199,9.97222685378179,1.90147484934037,5.68083474573787,6.97222685378179,4.68083474573787
Macropus_giganteus,DIPROTODONTIA,8,4,2.56881544132108,11.0806478062219,4.79990176115399,6.21677953322692,3.08064780622193,2.21677953322692
Macropus_parma,DIPROTODONTIA,1,0,1.0970202213976,8.22222024717769,0.642702528126073,4.49503834961554,7.22222024717769,4.49503834961554
Macropus_robustus,DIPROTODONTIA,2,1,2.51852556916003,11.3225688606963,1.21320553089604,6.13388884186707,9.32256886069631,5.13388884186707
Macropus_rufogriseus,DIPROTODONTIA,1,1,1.9780142621737,9.03803900197164,0.653865755615998,5.2875932487676,8.03803900197164,4.2875932487676
Macropus_rufus,DIPROTODONTIA,2,0,2.51689368359149,11.4305517173479,1.0874792629113,5.77723443698669,9.4305517173479,5.77723443698669
Macrotus_californicus,CHIROPTERA,1,1,1.38980935629783,17.4448656606374,0.890145135319134,13.0184521356959,16.4448656606374,12.0184521356959
Mandrillus_leucophaeus,PRIMATES,3,2,2.19414214819133,20.265489682264,2.13522729914435,12.2073600678222,17.265489682264,10.2073600678222
Mandrillus_sphinx,PRIMATES,4,3,2.23280107216884,20.6225504249507,3.20423964750016,14.3262338801879,16.6225504249507,11.3262338801879
Marmosa_murina,DIDELPHIMORPHIA,1,1,1.37487255131508,14.8418868317659,0.876677150408133,10.8760647882035,13.8418868317659,9.87606478820349
Marmota_flaviventris,RODENTIA,3,3,1.32526389930409,15.2248657532844,2.20598426220899,10.0121913612467,12.2248657532844,7.01219136124667
Marmota_monax,RODENTIA,5,3,5.14897456706292,17.1376836469652,3.63491977266764,11.580805218196,12.1376836469652,8.58080521819603
Martes_foina,CARNIVORA,1,1,2.18349444473514,9.8899538184771,0.623742881778032,5.77529032755808,8.8899538184771,4.77529032755808
Martes_pennanti,CARNIVORA,3,1,1.65392037228525,11.0749701315496,1.99868433583233,6.68612136242866,8.07497013154965,5.68612136242866
Mastomys_coucha,RODENTIA,1,1,5.0011622844857,22.4389504494311,0.674973834947492,13.0893566885729,21.4389504494311,12.0893566885729
Mastomys_erythroleucus,RODENTIA,5,3,4.43437270211944,26.1498496392863,3.25408936646493,14.5073278606331,21.1498496392863,11.5073278606331
Mastomys_huberti,RODENTIA,3,2,1.61060933637071,16.8499803368806,1.98665562680576,9.35770244881819,13.8499803368806,7.35770244881819
Mastomys_natalensis,RODENTIA,10,4,12.2474139167232,24.0335179637362,5.88117776655721,13.2517786089349,14.0335179637362,9.25177860893488
Mazama_gouazoubira,CETARTIODACTYLA,1,0,1.93092438600348,22.1828004007981,0.434027057255112,8.15140757137177,21.1828004007981,8.15140757137177
Megaderma_lyra,CHIROPTERA,1,1,3.28338430759514,32.2658026881545,0.695408851109175,19.6212465169079,31.2658026881545,18.6212465169079
Meles_meles,CARNIVORA,1,0,7.10865276773303,11.2057022919069,0.59711895938405,6.77330109176494,10.2057022919069,6.77330109176494
Mellivora_capensis,CARNIVORA,1,1,0.871575905242695,10.3227719931172,0.622814901034158,5.49003851894527,9.32277199311718,4.49003851894527
Melogale_moschata,CARNIVORA,1,1,1.22132445255194,15.3300457406437,0.652298933072704,8.35074482560771,14.3300457406437,7.35074482560771
Mephitis_mephitis,CARNIVORA,5,5,4.60633587024463,10.0254140189038,3.4571744044339,6.49982562689108,5.02541401890379,1.49982562689108
Meriones_libycus,RODENTIA,1,1,3.67474771713851,16.641844322605,0.687499057476043,10.1148778050225,15.641844322605,9.11487780502248
Mesocricetus_auratus,RODENTIA,8,1,7.98081028332183,13.5249285564807,4.83842683690066,8.01503392217387,5.52492855648067,7.01503392217387
Metachirus_nudicaudatus,DIDELPHIMORPHIA,2,2,1.82321394889263,17.9167152005877,1.68076875803093,12.8122528098958,15.9167152005877,10.8122528098958
Mico_leucippe,PRIMATES,2,2,1.48396183260791,19.5457972904402,1.19526076909522,10.5222430149117,17.5457972904402,8.52224301491169
Micromys_minutus,RODENTIA,1,1,3.18120379861239,14.4987508626045,0.624556904945461,8.45737109233166,13.4987508626045,7.45737109233166
Micronycteris_megalotis,CHIROPTERA,1,1,2.86096646875722,35.910807105232,0.8764543564356,26.4122044584337,34.910807105232,25.4122044584337
Micropteropus_pusillus,CHIROPTERA,3,2,2.55131968921539,32.0241254917585,2.2237228177614,19.8222408666732,29.0241254917585,17.8222408666732
Microtus_agrestis,RODENTIA,10,7,6.7565907909668,15.7902778733324,6.32782967698132,10.0184886341548,5.79027787333245,3.0184886341548
Microtus_arvalis,RODENTIA,6,5,10.9958435006303,16.3183505464543,3.66765249821336,10.1938724962986,10.3183505464543,5.19387249629859
Microtus_californicus,RODENTIA,6,3,2.38474671974031,13.177128699681,4.45948844742367,8.69382706724568,7.17712869968104,5.69382706724568
Microtus_fortis,RODENTIA,2,1,3.77564193505418,16.9494241126251,1.30370940422327,9.59905048302606,14.9494241126251,8.59905048302606
Microtus_gregalis,RODENTIA,2,2,2.08985051767608,16.1239192267408,1.34440095251622,9.40505722662853,14.1239192267408,7.40505722662853
Microtus_maximowiczii,RODENTIA,1,0,1.14626526026789,14.3879039137393,0.653033921350783,7.84734372651338,13.3879039137393,7.84734372651338
Microtus_ochrogaster,RODENTIA,1,1,3.3976193450847,15.5433679166309,0.687103020397991,10.3369996416707,14.5433679166309,9.33699964167074
Microtus_oeconomus,RODENTIA,5,4,3.91919334152906,15.5466077171464,3.22718288690446,9.69445952390111,10.5466077171464,5.69445952390111
Microtus_pennsylvanicus,RODENTIA,6,2,4.98809429304547,16.050813288983,3.9706542930125,10.5607282752612,10.050813288983,8.56072827526124
Microtus_subterraneus,RODENTIA,1,1,3.29244894062757,15.6568777729118,0.698878581029431,9.72767732885347,14.6568777729118,8.72767732885347
Millardia_meltada,RODENTIA,1,1,2.25295814019124,15.5085518636769,0.642387603595465,8.49532709285309,14.5085518636769,7.49532709285309
Mimon_crenulatum,CHIROPTERA,1,0,2.94713632091622,35.9566230072088,0.889970451388292,26.7298780958696,34.9566230072088,26.7298780958696
Miniopterus_fuliginosus,CHIROPTERA,2,1,3.07013828473262,20.0103587954608,1.50501620871126,12.8176895288234,18.0103587954608,11.8176895288234
Miniopterus_inflatus,CHIROPTERA,1,1,2.72332324093988,30.3316725219316,0.758234553584434,19.2046302322258,29.3316725219316,18.2046302322258
Miniopterus_schreibersii,CHIROPTERA,9,7,4.36867676344352,20.5770437023873,6.95419659808464,14.2680378296387,11.5770437023873,7.26803782963868
Molossus_molossus,CHIROPTERA,7,7,6.63468193273861,31.5504981113645,5.81465278689434,22.9701056205255,24.5504981113645,15.9701056205255
Molossus_rufus,CHIROPTERA,9,6,3.02536356899497,32.6591026004714,7.85365353221009,23.7975116475184,23.6591026004714,17.7975116475184
Mormoops_megalophylla,CHIROPTERA,3,2,3.3134345892488,32.5611066695733,2.54295381746582,23.2414186909297,29.5611066695733,21.2414186909297
Mungos_mungo,CARNIVORA,1,1,1.32237268688779,15.1916509943783,0.638354606370391,8.28971461181129,14.1916509943783,7.28971461181129
Muntiacus_muntjak,CETARTIODACTYLA,1,1,3.91810152274902,19.5459513804399,0.345417186278084,6.09419807445817,18.5459513804399,5.09419807445817
Murina_leucogaster,CHIROPTERA,2,1,1.99320182822949,24.3181172877156,1.58548844057203,16.2162075068451,22.3181172877156,15.2162075068451
Mus_booduga,RODENTIA,2,2,1.48316495921866,16.0109142163821,1.24735690813637,8.69907385830223,14.0109142163821,6.69907385830223
Mus_cervicolor,RODENTIA,2,0,1.59777811814691,20.592444898264,1.33168903748766,11.5061735920153,18.592444898264,11.5061735920153
Mus_setulosus,RODENTIA,1,1,2.03795225969214,26.8426053017376,0.661191855133578,14.956404718317,25.8426053017376,13.956404718317
Mus_spicilegus,RODENTIA,1,0,1.31217721111666,13.7278231949412,0.683189739445689,8.23609840543652,12.7278231949412,8.23609840543652
Mus_spretus,RODENTIA,2,1,2.56339314272666,13.8888477878769,1.35652492986366,8.45547034540922,11.8888477878769,7.45547034540922
Mustela_lutreola,CARNIVORA,2,2,1.89799220789599,8.5762122734643,1.28159585204942,5.12713437328121,6.5762122734643,3.12713437328121
Mustela_nigripes,CARNIVORA,1,0,1.74256351901174,8.20770398600675,0.708833003697458,5.26021330579357,7.20770398600675,5.26021330579357
Myocastor_coypus,RODENTIA,3,3,5.69787630073825,16.7839294736481,2.32949782802066,12.6429339685866,13.7839294736481,9.64293396858663
Myodes_gapperi,RODENTIA,3,2,1.37539955770332,16.7806025902614,2.32071895340513,10.863619979441,13.7806025902614,8.86361997944104
Myodes_glareolus,RODENTIA,15,12,3.05439503263622,16.2443089061647,11.0383025012253,10.243019020849,1.24430890616472,-1.75698097915097
Myodes_rufocanus,RODENTIA,2,2,1.24450874866165,16.039447243116,1.41755631211995,9.49487229626845,14.039447243116,7.49487229626845
Myodes_rutilus,RODENTIA,5,5,1.33453107779162,15.8059211491578,3.57222130190512,9.43394588422108,10.8059211491578,4.43394588422108
Myonycteris_torquata,CHIROPTERA,1,1,2.52285665462027,32.5150194863977,0.751803158494687,20.4292919159338,31.5150194863977,19.4292919159338
Myotis_albescens,CHIROPTERA,1,1,3.01332458850564,32.5291406008506,0.97448634180739,26.4751087206687,31.5291406008506,25.4751087206687
Myotis_austroriparius,CHIROPTERA,1,1,1.51744662963688,17.9723366321191,0.910757982619866,13.8531751410108,16.9723366321191,12.8531751410108
Myotis_californicus,CHIROPTERA,1,1,1.99878785290157,22.2619840655058,0.931569180319596,17.6594395212747,21.2619840655058,16.6594395212747
Myotis_chiloensis,CHIROPTERA,1,1,1.29932796654178,17.1422860122973,1.00746839051319,14.4332892573894,16.1422860122973,13.4332892573894
Myotis_dasycneme,CHIROPTERA,2,2,3.64530593969138,22.0116687082909,1.72683525348883,16.8063572470442,20.0116687082909,14.8063572470442
Myotis_daubentonii,CHIROPTERA,3,3,3.37450427722784,19.8997209716857,2.439519197535,14.8552288025777,16.8997209716857,11.8552288025777
Myotis_evotis,CHIROPTERA,1,1,1.6108429959945,20.2192765059217,0.930848353285542,15.9866195025577,19.2192765059217,14.9866195025577
Myotis_grisescens,CHIROPTERA,1,1,1.64215475366658,18.2898965020978,0.913172997331386,14.4615359576325,17.2898965020978,13.4615359576325
Myotis_keenii,CHIROPTERA,3,3,1.41058364745876,17.2098671078914,2.82066000881619,13.5923067652188,14.2098671078914,10.5923067652188
Myotis_leibii,CHIROPTERA,1,1,1.37668933129661,18.5040926210725,0.919053399395345,14.3772965753365,17.5040926210725,13.3772965753365
Myotis_levis,CHIROPTERA,1,1,2.55316899490883,28.4365383743418,1.02020558874806,24.2387512222839,27.4365383743418,23.2387512222839
Myotis_lucifugus,CHIROPTERA,5,4,4.46695070293466,20.3916165020237,4.08585153043571,16.1162712806808,15.3916165020237,12.1162712806808
Myotis_macrodactylus,CHIROPTERA,1,1,2.17813476344168,17.3041779627667,0.903953962742986,13.2625264954736,16.3041779627667,12.2625264954736
Myotis_myotis,CHIROPTERA,2,2,5.23726458763585,23.1095445371288,1.55428041583364,17.3814407227444,21.1095445371288,15.3814407227444
Myotis_mystacinus,CHIROPTERA,2,1,3.99376884560723,20.8706900451628,1.7038702703264,16.3694974363413,18.8706900451628,15.3694974363413
Myotis_nattereri,CHIROPTERA,2,2,3.17698081749065,20.7067304949818,1.6738294705306,15.959819110314,18.7067304949818,13.959819110314
Myotis_nigricans,CHIROPTERA,3,3,5.22254118571474,33.155708080978,2.84607570909329,26.8410858967396,30.155708080978,23.8410858967396
Myotis_pilosus,CHIROPTERA,1,1,1.3646461782176,17.974247710765,0.75212498571199,12.1776365074794,16.974247710765,11.1776365074794
Myotis_riparius,CHIROPTERA,1,1,2.93489453149225,33.7165867609324,0.953527919699639,26.8468347423197,32.7165867609324,25.8468347423197
Myotis_septentrionalis,CHIROPTERA,4,4,2.08862413800657,21.176553798038,3.58955917989835,16.5154610674842,17.176553798038,12.5154610674842
Myotis_thysanodes,CHIROPTERA,1,1,1.71352194070721,22.0841716038166,0.927791774999161,17.3095223362048,21.0841716038166,16.3095223362048
Myotis_velifer,CHIROPTERA,1,1,2.59819965846239,22.5754145621899,0.90886419755834,17.5872508489812,21.5754145621899,16.5872508489812
Myotis_volans,CHIROPTERA,1,1,1.88231247447717,20.9647113135509,0.935598861036081,16.6426090946242,19.9647113135509,15.6426090946242
Myotis_yumanensis,CHIROPTERA,2,1,2.07819752250721,23.1464285035894,1.87579889097985,18.4396366940383,21.1464285035894,17.4396366940383
Myrmecophaga_tridactyla,PILOSA,1,1,3.25074786360742,19.1699195261453,0.74554521634419,12.4542948380742,18.1699195261453,11.4542948380742
Nanger_granti,CETARTIODACTYLA,3,1,1.59300038382135,20.9819834321793,0.975083082539794,5.99039955005942,17.9819834321793,4.99039955005942
Nasua_narica,CARNIVORA,1,1,2.20579871765254,14.7704540820537,0.705025743112272,8.97368892376016,13.7704540820537,7.97368892376016
Natalus_tumidirostris,CHIROPTERA,5,3,3.21496052955039,43.212310911034,4.38586958859693,31.9424519272427,38.212310911034,28.9424519272427
Neacomys_guianae,RODENTIA,1,0,1.78150666348662,23.4648677283591,0.685812803376588,13.922391490147,22.4648677283591,13.922391490147
Neacomys_spinosus,RODENTIA,1,0,2.41022910794646,32.3959092567684,0.782575955167317,21.4021358075774,31.3959092567684,21.4021358075774
Necromys_amoenus,RODENTIA,1,0,0.984793494600022,12.9710708155943,0.782090044252952,8.77652775325442,11.9710708155943,8.77652775325442
Necromys_lasiurus,RODENTIA,1,1,1.9644278540278,25.3178910646234,0.83700178762699,17.6953815667966,24.3178910646234,16.6953815667966
Necromys_obscurus,RODENTIA,4,3,0.990373387383989,13.4205660628747,3.37242175395086,9.9389752340728,9.42056606287475,6.9389752340728
Nectomys_squamipes,RODENTIA,6,6,5.73690754942942,26.1701307695954,4.76627719784016,17.9891951809271,20.1701307695954,11.9891951809271
Neotoma_albigula,RODENTIA,1,1,2.44692895320196,16.3851086937708,0.731574764103182,10.4331638477356,15.3851086937708,9.43316384773565
Neotoma_cinerea,RODENTIA,2,2,3.05040539297955,17.9884839916947,1.53089159053428,11.8807374396328,15.9884839916947,9.88073743963285
Neotoma_floridana,RODENTIA,1,1,3.02655838438741,17.0728161388026,0.741507518845991,11.1506788881629,16.0728161388026,10.1506788881629
Neotoma_fuscipes,RODENTIA,3,3,3.27243161959241,14.717767116992,2.20816086032888,9.42037452061012,11.717767116992,6.42037452061012
Neotoma_lepida,RODENTIA,2,1,2.51189362801025,14.8128371462675,1.54145308761348,9.8821785886236,12.8128371462675,8.8821785886236
Neotoma_macrotis,RODENTIA,1,0,1.09916367060072,14.773867933848,0.808163155628526,10.0219572237903,13.773867933848,10.0219572237903
Neotoma_stephensi,RODENTIA,1,1,1.05835806672246,14.3801124188128,0.688876332741078,8.28599124372122,13.3801124188128,7.28599124372122
Nephelomys_albigularis,RODENTIA,2,2,1.79907144207349,23.6962197713609,1.49256219822716,15.7018929373929,21.6962197713609,13.7018929373929
Nomascus_leucogenys,PRIMATES,1,1,1.41552940443033,19.1818622431676,0.831985353638773,13.3263884422814,18.1818622431676,12.3263884422814
Nyctalus_noctula,CHIROPTERA,6,5,5.16933299917476,23.5599087721342,5.0648695152384,18.8158655040689,17.5599087721342,13.8158655040689
Nyctereutes_procyonoides,CARNIVORA,3,3,4.21994352500052,11.9654829840008,1.77020133753074,6.66929616575762,8.96548298400085,3.66929616575762
Nycteris_thebaica,CHIROPTERA,1,1,3.13208635235331,32.767470210677,0.753676212739593,20.9390368106491,31.767470210677,19.9390368106491
Nycticebus_coucang,PRIMATES,1,0,3.64279352637865,20.1285774820916,0.621686613190349,11.3280469499025,19.1285774820916,11.3280469499025
Nycticeius_humeralis,CHIROPTERA,1,1,2.15329706491563,20.5124372248139,1.0334481103403,18.3665226810936,19.5124372248139,17.3665226810936
Nyctinomops_laticaudatus,CHIROPTERA,1,1,2.64511038892802,33.2013849117573,0.884210077154216,24.5224819115432,32.2013849117573,23.5224819115432
Nyctinomops_macrotis,CHIROPTERA,1,1,2.67161671079022,31.6420979430469,0.875411813630968,23.1300060155937,30.6420979430469,22.1300060155937
Odocoileus_hemionus,CETARTIODACTYLA,8,2,8.98860516610149,15.4171728847309,2.80516978046626,5.4866222614854,7.41717288473088,3.4866222614854
Odocoileus_virginianus,CETARTIODACTYLA,10,3,14.1902270682137,15.5690250450175,3.31087759557564,5.45710000427212,5.56902504501748,2.45710000427212
Oecomys_bicolor,RODENTIA,2,1,2.18766412128615,28.8145143053192,1.60564893452578,19.382590664804,26.8145143053192,18.382590664804
Oecomys_paricola,RODENTIA,1,0,1.73648475645696,22.8718679293789,0.797657272206482,16.1990096388518,21.8718679293789,16.1990096388518
Oligoryzomys_chacoensis,RODENTIA,1,1,1.60045985223658,21.5117940328638,0.787988734647814,14.2630526011078,20.5117940328638,13.2630526011078
Oligoryzomys_flavescens,RODENTIA,3,3,3.60092913341377,24.7874983679157,2.51526458725216,17.5505652738813,21.7874983679157,14.5505652738813
Oligoryzomys_fornesi,RODENTIA,2,2,1.65053087843186,22.1847991076376,1.59580049786952,14.9169195993085,20.1847991076376,12.9169195993085
Oligoryzomys_fulvescens,RODENTIA,2,2,2.91389182023155,34.51155624189,1.52691840620931,22.1410587955796,32.51155624189,20.1410587955796
Oligoryzomys_longicaudatus,RODENTIA,2,2,1.74500775496557,13.4633380967309,1.68655985621939,9.55689234966816,11.4633380967309,7.55689234966816
Oligoryzomys_microtis,RODENTIA,2,2,2.38995825445991,29.158755687238,1.61305380382152,19.7046064719312,27.158755687238,17.7046064719312
Oligoryzomys_nigripes,RODENTIA,4,4,3.02994022181398,24.0713410826646,3.30651867305912,16.7614756141184,20.0713410826646,12.7614756141184
Onychomys_leucogaster,RODENTIA,1,1,2.77702887836617,16.7686994384696,0.735202638045559,10.8530782608769,15.7686994384696,9.85307826087685
Onychomys_torridus,RODENTIA,2,2,1.17170699539304,13.8774650416876,1.50645804743889,8.92289300891035,11.8774650416876,6.92289300891035
Oreamnos_americanus,CETARTIODACTYLA,3,0,2.43416301968349,11.9809228749142,0.99782982271231,3.5909202012645,8.98092287491422,3.5909202012645
Oryx_gazella,CETARTIODACTYLA,5,2,3.26662857365357,14.8679444129454,1.75696624597182,4.6224103009567,9.86794441294536,2.6224103009567
Oryx_leucoryx,CETARTIODACTYLA,8,1,1.72248711189086,10.9353431259316,2.61869433243086,3.18064548796059,2.93534312593158,2.18064548796059
Oryzomys_couesi,RODENTIA,2,1,1.87715685267154,24.1931270775377,1.54677693578946,15.6244871440881,22.1931270775377,14.6244871440881
Oryzomys_palustris,RODENTIA,4,3,3.42402748874932,15.5178388450905,3.06245761762047,10.4841235761619,11.5178388450905,7.48412357616194
Otocyon_megalotis,CARNIVORA,1,1,1.55306889289809,16.2479998819096,0.631633407671829,8.70464374737223,15.2479998819096,7.70464374737223
Otomys_irroratus,RODENTIA,1,0,2.40462852454864,23.6302735966422,0.703949028981767,14.2729417185636,22.6302735966422,14.2729417185636
Otomys_tropicalis,RODENTIA,3,1,2.48707290876576,33.7923328090568,1.96391667605771,18.5686043320111,30.7923328090568,17.5686043320111
Ourebia_ourebi,CETARTIODACTYLA,1,0,2.04754213530342,22.8049967000781,0.344758268389645,6.64922605833366,21.8049967000781,6.64922605833366
Ovibos_moschatus,CETARTIODACTYLA,2,1,2.84758952637287,12.9483087781163,0.715920544272277,4.43099193551751,10.9483087781163,3.43099193551751
Ovis_canadensis,CETARTIODACTYLA,5,1,6.03071535902354,12.2248827821887,1.76866703172631,4.23792854031538,7.22488278218871,3.23792854031538
Ovis_dalli,CETARTIODACTYLA,3,2,2.74108817675884,12.3051568017191,1.15522565308465,4.22067194473485,9.30515680171913,2.22067194473485
Ovis_orientalis,CETARTIODACTYLA,1,0,2.84261540247477,13.8181722175042,0.364304051332489,4.43755906963293,12.8181722175042,4.43755906963293
Oxymycterus_rufus,RODENTIA,1,1,1.90523145475639,14.699519331602,0.875950690221917,10.7675944371431,13.699519331602,9.7675944371431
Paguma_larvata,CARNIVORA,2,2,3.13119888024388,15.8478661178827,1.26862706525463,8.65692425834254,13.8478661178827,6.65692425834254
Pan_paniscus,PRIMATES,6,6,3.91032613804241,18.7915690842508,5.16796669221061,15.6577905185126,12.7915690842508,9.65779051851261
Panthera_leo,CARNIVORA,8,3,8.23623599317257,14.6121918203405,4.17370212933094,7.62159580952236,6.61219182034055,4.62159580952236
Panthera_pardus,CARNIVORA,2,1,3.43699364564921,11.7780663512555,1.08703170229209,6.27947549792829,9.77806635125552,5.27947549792829
Pan_troglodytes,PRIMATES,25,21,20.6787193538813,29.9928710802228,20.3439930497955,25.7214388664165,4.99287108022276,4.72143886641649
Papio_anubis,PRIMATES,5,3,7.08275320528415,24.7092519112568,3.27249715887115,15.4903411225244,19.7092519112568,12.4903411225244
Papio_cynocephalus,PRIMATES,12,6,8.07670546994623,24.2684731322673,7.83759099529139,15.351890560942,12.2684731322673,9.35189056094198
Papio_hamadryas,PRIMATES,5,4,2.94314576297318,13.4354515416247,3.38367140807934,8.60495570467913,8.43545154162466,4.60495570467913
Papio_papio,PRIMATES,3,3,4.59027279644966,20.6365503942517,2.11121751380059,13.1360550379479,17.6365503942517,10.1360550379479
Papio_ursinus,PRIMATES,10,6,5.61080442183806,25.2346030166665,7.18711343731047,16.8680099338384,15.2346030166665,10.8680099338384
Perameles_nasuta,PERAMELEMORPHIA,1,0,1.1172412819607,8.61990273215646,0.0240283175593623,0.17882943209164,7.61990273215646,0.17882943209164
Perognathus_parvus,RODENTIA,1,1,1.29473838360528,13.9768304690006,0.80081503246832,9.58102134968449,12.9768304690006,8.58102134968449
Peromyscus_attwateri,RODENTIA,1,1,0.987720385091571,13.3846151851715,0.788224956017043,8.81376138141337,12.3846151851715,7.81376138141337
Peromyscus_boylii,RODENTIA,3,3,2.28863847073882,17.6576370076646,2.21908342338111,11.2662493345129,14.6576370076646,8.2662493345129
Peromyscus_californicus,RODENTIA,3,1,2.59964182994274,13.1575084340128,2.32454875223672,8.99429183491891,10.1575084340128,7.99429183491891
Peromyscus_eremicus,RODENTIA,2,2,1.80203652522038,14.7458433283359,1.50207393711575,9.60703657352421,12.7458433283359,7.60703657352421
Peromyscus_gossypinus,RODENTIA,7,5,2.60505347465269,14.3944531387333,5.17844007569519,9.2821661182284,7.39445313873327,4.2821661182284
Peromyscus_leucopus,RODENTIA,11,9,9.91242299326865,16.3745751997583,7.15058079898235,10.6719702952068,5.37457519975833,1.67197029520677
Peromyscus_maniculatus,RODENTIA,10,8,9.79966812959778,15.9111953306889,6.32170946805667,10.2852548846099,5.91119533068887,2.28525488460986
Peromyscus_megalops,RODENTIA,1,1,1.52500072542174,20.7204750073364,0.748337823161197,13.0899457072626,19.7204750073364,12.0899457072626
Peromyscus_melanophrys,RODENTIA,1,1,1.59799411693999,21.0477576947748,0.767977506162865,13.5436042832716,20.0477576947748,12.5436042832716
Peromyscus_melanotis,RODENTIA,1,1,1.20346767331608,15.8775825609654,0.770923772290148,10.2314880274784,14.8775825609654,9.23148802747844
Peromyscus_mexicanus,RODENTIA,3,1,2.32046604461193,20.1622237782915,2.15095626605394,12.2257398404672,17.1622237782915,11.2257398404672
Peromyscus_truei,RODENTIA,5,3,2.94965791871602,14.5181829424522,3.8020568945947,9.61166397789585,9.51818294245218,6.61166397789585
Phacochoerus_aethiopicus,CETARTIODACTYLA,2,2,2.7692996479283,12.5433090492053,0.658966198462038,3.68741144280077,10.5433090492053,1.68741144280077
Phacochoerus_africanus,CETARTIODACTYLA,1,0,2.0184625899639,21.7895057296347,0.354787440413721,6.51669845012363,20.7895057296347,6.51669845012363
Philander_opossum,DIDELPHIMORPHIA,5,4,3.8530672080395,18.1484546971998,4.15156403297059,13.1195547414558,13.1484546971998,9.11955474145584
Philantomba_monticola,CETARTIODACTYLA,2,1,1.66791796016407,22.6019837133995,0.712368143651047,6.75088187429461,20.6019837133995,5.75088187429461
Phyllostomus_discolor,CHIROPTERA,3,2,3.53689909140515,37.0025671638046,2.52965361015407,26.7263386919212,34.0025671638046,24.7263386919212
Phyllostomus_hastatus,CHIROPTERA,13,10,6.38857147479361,39.5376157760962,11.0496615139072,29.1344323919324,26.5376157760962,19.1344323919324
Phyllotis_darwini,RODENTIA,1,1,1.24991364165404,13.0764300250038,0.85787501444023,9.67938146591009,12.0764300250038,8.67938146591009
Pipistrellus_abramus,CHIROPTERA,1,1,1.65846440813748,22.53387145758,0.851081357208371,16.4720372277958,21.53387145758,15.4720372277958
Pipistrellus_hesperus,CHIROPTERA,1,1,1.77586407988798,20.4014402162256,0.957900392585118,16.4915988291075,19.4014402162256,15.4915988291075
Pipistrellus_kuhlii,CHIROPTERA,1,1,1.76804320367709,20.9403527056624,0.904504784383534,16.4607322583152,19.9403527056624,15.4607322583152
Pipistrellus_nathusii,CHIROPTERA,1,1,1.71076766247622,20.8722709757306,0.906878064838076,17.1247255246187,19.8722709757306,16.1247255246187
Pipistrellus_pipistrellus,CHIROPTERA,3,1,4.44442206068141,20.2396696778981,2.45010308420841,15.9435151642373,17.2396696778981,14.9435151642373
Pipistrellus_subflavus,CHIROPTERA,1,1,2.31836111815088,20.7660199936439,0.90850709344099,16.6262805714522,19.7660199936439,15.6262805714522
Pithecia_monachus,PRIMATES,1,1,1.88944333540284,25.6722260890506,0.792489913134815,17.0465773243618,24.6722260890506,16.0465773243618
Platyrrhinus_helleri,CHIROPTERA,4,4,2.66943683112332,36.1735824075322,3.40499657472658,26.1104791130872,32.1735824075322,22.1104791130872
Platyrrhinus_lineatus,CHIROPTERA,1,1,2.42792309753736,32.988653069883,0.888783673225417,24.4826669030692,31.988653069883,23.4826669030692
Plecotus_auritus,CHIROPTERA,2,2,4.57106143652724,20.8050244507696,1.62516421573573,16.056648291149,18.8050244507696,14.056648291149
Pongo_abelii,PRIMATES,2,2,3.15170008565492,22.3124508200164,1.78270544323182,17.4940369602464,20.3124508200164,15.4940369602464
Pongo_pygmaeus,PRIMATES,15,14,7.68658168396504,22.2086111006721,11.3195582930345,16.8017214167646,7.20861110067213,2.80172141676457
Potamochoerus_porcus,CETARTIODACTYLA,1,0,2.37167822904555,22.5927493161102,0.354313683495805,6.79937666914914,21.5927493161102,6.79937666914914
Potos_flavus,CARNIVORA,2,2,2.08101532149334,17.5447860718834,1.46753845480895,10.97790019968,15.5447860718834,8.97790019968003
Praomys_jacksoni,RODENTIA,3,1,2.26720197109122,25.251511349965,1.94576875931567,13.7180093657706,22.251511349965,12.7180093657706
Presbytis_melalophos,PRIMATES,1,0,1.8202960729233,20.2739886131961,0.754272265141996,12.8048581685073,19.2739886131961,12.8048581685073
Prionailurus_bengalensis,CARNIVORA,2,0,1.33527465548464,14.4144235820784,1.25843740223359,7.72319211494466,12.4144235820784,7.72319211494466
Procapra_gutturosa,CETARTIODACTYLA,1,1,1.20381044544434,12.205430453812,0.348612389349263,3.63215535053789,11.205430453812,2.63215535053789
Procyon_lotor,CARNIVORA,10,9,7.8736010324221,10.2605148988202,6.28583663926345,6.5005813962114,0.260514898820231,-2.4994186037886
Proechimys_guyannensis,RODENTIA,11,9,3.94445163200854,25.708904644569,8.40154775755394,16.4778433210952,14.708904644569,7.47784332109521
Proteles_cristata,CARNIVORA,1,1,1.23728616853556,16.2967430219961,0.61006317006037,8.73302106923985,15.2967430219961,7.73302106923985
Pseudalopex_gymnocercus,CARNIVORA,1,1,0.879640432579266,10.1054646581808,0.811364745533623,6.84646906874815,9.10546465818077,5.84646906874815
Pseudalopex_vetulus,CARNIVORA,1,1,1.06083669687314,14.258714764852,0.763632965454432,9.28892680491816,13.258714764852,8.28892680491816
Pseudois_nayaur,CETARTIODACTYLA,1,0,1.35694795552016,14.196208759231,0.340458366666839,4.14425777304886,13.196208759231,4.14425777304886
Pteronotus_davyi,CHIROPTERA,7,6,3.33209725375817,41.8244334710995,5.90330528563854,29.5184118904114,34.8244334710995,23.5184118904114
Pteronotus_parnellii,CHIROPTERA,8,6,3.00759477915062,36.6942481977719,6.32123572022904,25.8010640109634,28.6942481977719,19.8010640109634
Pteropus_alecto,CHIROPTERA,9,9,2.85065637495808,21.3658090404803,7.10454062758835,14.3516545845733,12.3658090404803,5.35165458457331
Pteropus_conspicillatus,CHIROPTERA,3,3,1.92476043034071,19.5151401632018,2.26179327998933,12.2916036455915,16.5151401632018,9.2916036455915
Pteropus_giganteus,CHIROPTERA,3,1,2.19498316994737,22.9636215426013,2.01934566209204,13.6184282615711,19.9636215426013,12.6184282615711
Pteropus_hypomelanus,CHIROPTERA,4,4,1.7305512529907,20.496305484778,3.08794318131919,13.3005272980896,16.496305484778,9.30052729808963
Pteropus_lylei,CHIROPTERA,5,2,1.70143524356141,21.9283961290183,3.58066093217023,13.2134402604185,16.9283961290183,11.2134402604185
Pteropus_poliocephalus,CHIROPTERA,5,4,2.70781902221053,19.1699962307875,4.45230275992854,14.9570326212248,14.1699962307875,10.9570326212248
Pteropus_rufus,CHIROPTERA,3,3,1.39640658684369,17.527673996963,2.13734075313979,10.431086866338,14.527673996963,7.43108686633799
Pteropus_scapulatus,CHIROPTERA,7,7,2.55436306147641,22.8799361714418,6.19678426720425,17.2656091055458,15.8799361714418,10.2656091055458
Pteropus_vampyrus,CHIROPTERA,2,2,2.86841850078529,31.9477061384907,1.50098191767379,20.2041876661735,29.9477061384907,18.2041876661735
Pudu_puda,CETARTIODACTYLA,1,0,0.905588353040226,11.3669310765809,0.450156402224965,4.2728011040726,10.3669310765809,4.2728011040726
Puma_concolor,CARNIVORA,8,1,4.6108759528327,16.1827338127929,5.18306452490686,10.1174980261363,8.18273381279291,9.11749802613627
Pygathrix_nemaeus,PRIMATES,1,1,2.07136427004526,19.1314912196618,0.684787510199668,11.2220568318863,18.1314912196618,10.2220568318863
Raphicerus_sharpei,CETARTIODACTYLA,1,1,1.73375469743931,20.9488981066239,0.349823110977486,6.23143047484114,19.9488981066239,5.23143047484114
Rattus_exulans,RODENTIA,3,2,6.16751548314519,25.6371372144612,1.83114144412422,14.4759637086158,22.6371372144612,12.4759637086158
Rattus_fuscipes,RODENTIA,1,1,3.16245433448416,14.2798349794029,0.771566723008291,9.88499179751788,13.2798349794029,8.88499179751788
Rattus_losea,RODENTIA,1,1,5.34820920788327,24.4668913642445,0.656624526473268,13.6899345295673,23.4668913642445,12.6899345295673
Rattus_norvegicus,RODENTIA,21,10,16.2699685574398,17.322431626811,12.2157682300755,10.5306493531206,-3.67756837318898,0.53064935312063
Rattus_tanezumi,RODENTIA,1,1,4.0169014673774,26.1811137328737,0.664785428288102,14.7142557675757,25.1811137328737,13.7142557675757
Rattus_tiomanicus,RODENTIA,2,0,4.92653073190357,23.2046094643149,1.35235936248888,13.3466006838305,21.2046094643149,13.3466006838305
Redunca_arundinum,CETARTIODACTYLA,6,2,1.89171785118673,21.7323888038702,2.12019259733177,6.43816982405703,15.7323888038702,4.43816982405703
Redunca_fulvorufula,CETARTIODACTYLA,2,1,1.96346618258801,19.2949732645371,0.697061910269168,5.68118576030069,17.2949732645371,4.68118576030069
Reithrodontomys_fulvescens,RODENTIA,1,1,1.91404445728179,20.6623015338932,0.740023761697865,13.0570306031086,19.6623015338932,12.0570306031086
Reithrodontomys_megalotis,RODENTIA,4,3,3.69423020614745,17.9579373119591,2.92292367758344,11.7572460178226,13.9579373119591,8.75724601782258
Reithrodontomys_mexicanus,RODENTIA,1,0,1.67152465464448,22.0527491475347,0.729142737336596,13.4498120735572,21.0527491475347,13.4498120735572
Rhabdomys_pumilio,RODENTIA,1,1,2.89732308892094,22.3538492654876,0.674909893375371,13.2921522808699,21.3538492654876,12.2921522808699
Rhinolophus_affinis,CHIROPTERA,1,1,3.55546428213728,33.8695663876116,0.737183400947552,21.0099007175438,32.8695663876116,20.0099007175438
Rhinolophus_blasii,CHIROPTERA,1,1,1.74787993290171,21.3250603181036,0.773455648080702,13.9391636353229,20.3250603181036,12.9391636353229
Rhinolophus_eloquens,CHIROPTERA,2,1,2.57931924097451,35.04570127583,1.35755226847824,20.8953765745083,33.04570127583,19.8953765745083
Rhinolophus_euryale,CHIROPTERA,1,1,1.81943065933912,20.2643498596921,0.762978262516031,13.5164903014789,19.2643498596921,12.5164903014789
Rhinolophus_ferrumequinum,CHIROPTERA,8,7,6.07894099569049,23.1039310030512,5.34737606512503,14.8515710325575,15.1039310030512,7.85157103255749
Rhinolophus_hildebrandti,CHIROPTERA,1,0,2.54902233661131,34.6340514718708,0.710569807298471,20.7388703244572,33.6340514718708,20.7388703244572
Rhinolophus_lepidus,CHIROPTERA,1,0,1.91622109274815,23.1536332567887,0.724555017277271,14.0434937758005,22.1536332567887,14.0434937758005
Rhinolophus_macrotis,CHIROPTERA,1,1,2.3204477550163,29.9063380526783,0.72086091401112,18.0076570145701,28.9063380526783,17.0076570145701
Rhinolophus_mehelyi,CHIROPTERA,1,1,1.87106498014805,20.1983337755019,0.78251685828409,13.5570871034006,19.1983337755019,12.5570871034006
Rhinolophus_pearsonii,CHIROPTERA,1,1,2.37599173749241,32.2830518003421,0.727348236525189,20.0316841698432,31.2830518003421,19.0316841698432
Rhinolophus_pusillus,CHIROPTERA,4,3,2.35532323264535,31.6579189354111,2.96929699777996,19.7274019727505,27.6579189354111,16.7274019727505
Rhinolophus_sinicus,CHIROPTERA,2,2,2.14517797012215,28.8333547340263,1.4666842586242,17.666382342934,26.8333547340263,15.666382342934
Rhogeessa_parvula,CHIROPTERA,1,0,2.03274810769528,26.7740595360958,0.886001017394782,19.9116720472525,25.7740595360958,19.9116720472525
Rhynchonycteris_naso,CHIROPTERA,1,1,2.57843849683771,35.0337344376703,0.86584160822094,25.3507046366907,34.0337344376703,24.3507046366907
Rousettus_aegyptiacus,CHIROPTERA,9,7,6.69081126407988,31.5146034463936,6.07962926621798,19.0122264810899,22.5146034463936,12.0122264810899
Rousettus_amplexicaudatus,CHIROPTERA,2,2,3.77271103360026,32.7805891781532,1.50151566849478,20.6590578292673,30.7805891781532,18.6590578292673
Rousettus_leschenaultii,CHIROPTERA,12,11,2.47043834618743,33.4769506648836,8.71550750727358,20.5256901827346,21.4769506648836,9.52569018273461
Rousettus_madagascariensis,CHIROPTERA,1,1,1.30028170490539,17.6671749198925,0.715796124271197,10.5883877689918,16.6671749198925,9.58838776899183
Rupicapra_pyrenaica,CETARTIODACTYLA,2,0,2.38745706639062,11.4732282717528,0.707730886367305,3.57024970015533,9.47322827175282,3.57024970015533
Rupicapra_rupicapra,CETARTIODACTYLA,1,0,5.12466239394973,12.0980627823701,0.325903415919316,3.779955010786,11.0980627823701,3.779955010786
Rusa_unicolor,CETARTIODACTYLA,1,1,2.63244637657797,25.8690385945177,0.352259775602374,7.63728662526504,24.8690385945177,6.63728662526504
Saccolaimus_flaviventris,CHIROPTERA,1,1,1.61458179915109,21.9376301000502,0.90854014281857,16.947744267141,20.9376301000502,15.947744267141
Saccolaimus_saccolaimus,CHIROPTERA,1,1,2.8062325314481,31.255094835859,0.79350452367608,20.7732273844295,30.255094835859,19.7732273844295
Saguinus_geoffroyi,PRIMATES,1,1,3.00370154432767,20.1133654587944,0.744885660799898,12.7757400204337,19.1133654587944,11.7757400204337
Saguinus_labiatus,PRIMATES,3,1,2.50674644799317,19.9148314290097,2.31004993056604,13.1797309274204,16.9148314290097,12.1797309274204
Saguinus_midas,PRIMATES,2,1,2.12038189779683,22.1831529705791,1.38464482549175,13.054354202363,20.1831529705791,12.054354202363
Saguinus_mystax,PRIMATES,1,0,4.60131689147823,22.9542587716636,0.710913096691091,14.3104892423161,21.9542587716636,14.3104892423161
Saguinus_nigricollis,PRIMATES,1,0,2.77137166551454,23.3650961119498,0.737355876114748,14.4920884939728,22.3650961119498,14.4920884939728
Saguinus_oedipus,PRIMATES,2,1,5.41814126437104,19.247385703345,1.30149951797763,11.8721321100345,17.247385703345,10.8721321100345
Saiga_tatarica,CETARTIODACTYLA,1,1,2.33302598755242,12.6406840551231,0.338899664793275,3.83912245404422,11.6406840551231,2.83912245404422
Saimiri_sciureus,PRIMATES,7,4,9.06946843808358,29.6758052008457,4.70710295825955,19.0912437121973,22.6758052008457,15.0912437121973
Sciurus_carolinensis,RODENTIA,16,10,6.99428549474893,18.0399931747641,11.3428225073764,12.5140205260417,2.03999317476414,2.5140205260417
Sciurus_niger,RODENTIA,4,4,3.94340524780082,17.8716810356592,3.02745396271954,12.415316539247,13.8716810356592,8.415316539247
Sciurus_vulgaris,RODENTIA,5,3,5.34760082104559,15.9082920177413,3.23136146404565,10.0785742895333,10.9082920177413,7.07857428953334
Scotophilus_kuhlii,CHIROPTERA,5,4,2.71512937580274,34.9930640730774,3.96043735693453,23.1530323783488,29.9930640730774,19.1530323783488
Scotophilus_nigrita,CHIROPTERA,1,0,2.84065580457798,34.6575043487285,0.822305166047471,23.8475592265273,33.6575043487285,23.8475592265273
Semnopithecus_entellus,PRIMATES,4,2,1.11913861295552,13.2548555561737,2.74755946247474,7.81468806571767,9.25485555617367,5.81468806571767
Setonix_brachyurus,DIPROTODONTIA,1,1,1.26579004857451,7.83372633321943,0.588076999023018,4.0924474334753,6.83372633321943,3.0924474334753
Sigmodon_alstoni,RODENTIA,3,1,2.25549875475836,29.7572327773066,2.49778298190292,20.7443282580071,26.7572327773066,19.7443282580071
Sigmodon_hispidus,RODENTIA,22,14,8.28094084055436,16.9935836422441,15.2053766021171,11.3881651248444,-5.00641635775595,-2.61183487515556
Sigmodon_toltecus,RODENTIA,1,1,1.88201525455831,22.7403252957785,0.751388202784067,14.5767778801981,21.7403252957785,13.5767778801981
Sorex_araneus,EULIPOTYPHLA,1,1,1.62045799914322,3.45830262083751,0.630215248793528,2.18889961890845,2.45830262083751,1.18889961890845
Spermophilus_beecheyi,RODENTIA,5,4,3.02472123630054,13.5810526155568,3.9040602602632,9.42486671856525,8.58105261555675,5.42486671856525
Spermophilus_citellus,RODENTIA,2,0,2.89048309197891,13.1631114670134,1.28303087958711,8.12357723627051,11.1631114670134,8.12357723627051
Spermophilus_columbianus,RODENTIA,1,1,1.0316195052902,13.2956932989549,0.72529420181712,8.50748334478734,12.2956932989549,7.50748334478734
Spermophilus_fulvus,RODENTIA,1,1,1.82502801794578,15.8574280304233,0.698658306787486,9.44733428454674,14.8574280304233,8.44733428454674
Spermophilus_lateralis,RODENTIA,1,1,2.82615292981639,14.7689473523995,0.712154693079396,9.65546637928791,13.7689473523995,8.65546637928791
Spermophilus_parryii,RODENTIA,1,0,1.30236664925274,17.1823759429948,0.753520061449617,11.124060355774,16.1823759429948,11.124060355774
Spermophilus_richardsonii,RODENTIA,3,2,2.3333788472123,13.760121240357,2.29019534027892,9.33386600889859,10.760121240357,7.33386600889859
Spermophilus_tridecemlineatus,RODENTIA,2,2,2.77296820764729,15.985394700721,1.47843198791524,10.9886670878521,13.985394700721,8.98866708785215
Spermophilus_undulatus,RODENTIA,1,1,2.35195153562865,15.7491215686212,0.706562112506438,9.76391107524993,14.7491215686212,8.76391107524993
Spermophilus_variegatus,RODENTIA,1,1,1.50324134152733,17.8040920198376,0.809330765037124,12.1082205209302,16.8040920198376,11.1082205209302
Sturnira_lilium,CHIROPTERA,11,9,5.33103630192316,32.992738020618,9.21401633358826,23.9140121811377,21.992738020618,14.9140121811377
Sturnira_ludovici,CHIROPTERA,1,1,2.90409753166724,35.4315269983376,0.849537626786926,25.1775468673523,34.4315269983376,24.1775468673523
Sturnira_tildae,CHIROPTERA,1,1,2.69578714007707,36.6281727804544,0.893184954910937,27.434440655684,35.6281727804544,26.434440655684
Suncus_murinus,EULIPOTYPHLA,2,1,2.16376408026616,6.10698923184825,1.30539125864486,3.86089489289874,4.10698923184825,2.86089489289874
Suricata_suricatta,CARNIVORA,1,1,0.873777481222671,8.58660734208509,0.66708679892719,5.00173417095914,7.58660734208509,4.00173417095914
Syconycteris_australis,CHIROPTERA,1,0,1.29537042667227,17.0900734207923,0.768087074826982,10.9948202197854,16.0900734207923,10.9948202197854
Sylvicapra_grimmia,CETARTIODACTYLA,3,1,3.88461703992304,21.9131250975981,1.04267144849201,6.55442426210173,18.9131250975981,5.55442426210173
Sylvilagus_aquaticus,LAGOMORPHA,1,1,0.726192822446732,9.35930058867797,0.787681628886765,6.24383052378308,8.35930058867797,5.24383052378308
Sylvilagus_audubonii,LAGOMORPHA,5,4,1.45025383158865,10.5625225502221,3.81644002369207,6.79867495795254,5.56252255022209,2.79867495795254
Sylvilagus_floridanus,LAGOMORPHA,3,1,3.62194879763912,10.1294965534598,2.03652532231186,6.48183301096506,7.12949655345981,5.48183301096506
Sylvilagus_nuttallii,LAGOMORPHA,1,1,0.734282998207284,9.68753809150905,0.767459760834319,6.21220462255213,8.68753809150905,5.21220462255213
Syncerus_caffer,CETARTIODACTYLA,9,4,12.9630965388013,27.5897674451092,2.77311811872118,8.05518995648303,18.5897674451092,4.05518995648303
Tadarida_brasiliensis,CHIROPTERA,5,5,5.52941833798955,25.2615408931377,3.91162819653682,18.267802542654,20.2615408931377,13.267802542654
Tadarida_condylura,CHIROPTERA,6,3,2.46744910645594,33.1650037271962,4.5087423692498,20.8145742310695,27.1650037271962,17.8145742310695
Tadarida_pumila,CHIROPTERA,4,1,2.91442344800519,32.4600973862448,2.96546868826121,20.1945114110078,28.4600973862448,19.1945114110078
Tadarida_teniotis,CHIROPTERA,1,1,1.71652227874021,21.5457612372681,0.784173223826811,14.6247343233901,20.5457612372681,13.6247343233901
Tamandua_tetradactyla,PILOSA,3,3,3.33651256269943,16.8870156181763,2.34811421254632,11.4120623747809,13.8870156181763,8.4120623747809
Tamias_amoenus,RODENTIA,1,1,1.01194736663143,13.7129154105225,0.735609394090228,8.56202602806912,12.7129154105225,7.56202602806912
Tamiasciurus_hudsonicus,RODENTIA,4,3,3.57466924317316,16.2748880988097,2.82054443280423,10.8047672514613,12.2748880988097,7.80476725146126
Tamias_minimus,RODENTIA,1,1,1.27848125730061,16.0474770745985,0.757953601577371,10.2459058157018,15.0474770745985,9.24590581570181
Tamias_sibiricus,RODENTIA,1,0,2.88330386266245,16.2647173679086,0.667812291487372,9.46791129794872,15.2647173679086,9.46791129794872
Tamias_striatus,RODENTIA,5,5,4.81146826363283,16.3912182218735,3.56029133268092,10.9619521203399,11.3912182218735,5.9619521203399
Tamias_umbrinus,RODENTIA,1,1,1.00138433100499,13.6059994316325,0.7575120779966,8.73950112141094,12.6059994316325,7.73950112141094
Taphozous_melanopogon,CHIROPTERA,3,2,3.5833954494632,32.0971832067461,2.35096754038116,21.5530137712114,29.0971832067461,19.5530137712114
Tatera_indica,RODENTIA,8,5,3.49982021724137,15.957352526542,5.09380613993596,9.20337867817577,7.95735252654196,4.20337867817577
Taxidea_taxus,CARNIVORA,1,1,2.62940961361155,12.028975843635,0.701737354479111,7.6048488507288,11.028975843635,6.6048488507288
Theropithecus_gelada,PRIMATES,1,1,1.88832909551394,12.9985769336053,0.703852992495427,8.12752456635572,11.9985769336053,7.12752456635572
Thomomys_talpoides,RODENTIA,1,1,1.74264120019988,15.6091825910028,0.763985845911156,10.5150359384578,14.6091825910028,9.51503593845784
Thryonomys_swinderianus,RODENTIA,1,1,4.50766059026368,31.9119689374519,0.682212761171353,18.6988055125361,30.9119689374519,17.6988055125361
Tonatia_bidens,CHIROPTERA,1,1,2.44289730441526,33.1921104677688,0.892835893744612,24.7459756233167,32.1921104677688,23.7459756233167
Trachypithecus_cristatus,PRIMATES,2,1,1.51036338731392,20.4669591051265,1.62510987746336,13.9091749226367,18.4669591051265,12.9091749226367
Trachypithecus_francoisi,PRIMATES,2,2,1.45237516316543,19.5213865095088,1.48875619802701,12.2363109933923,17.5213865095088,10.2363109933923
Tragelaphus_angasii,CETARTIODACTYLA,2,1,1.61436684502024,18.5461314572085,0.700209931682349,5.42646185047689,16.5461314572085,4.42646185047689
Tragelaphus_eurycerus,CETARTIODACTYLA,1,0,2.51623205882646,23.240369758342,0.358317613696504,6.98813636267761,22.240369758342,6.98813636267761
Tragelaphus_imberbis,CETARTIODACTYLA,2,1,1.57493546990429,19.7685657908073,0.684963483819568,5.65341228427003,17.7685657908073,4.65341228427003
Tragelaphus_oryx,CETARTIODACTYLA,7,2,4.67187490215651,24.8466155394731,2.41449342147995,7.35605157433156,17.8466155394731,5.35605157433156
Tragelaphus_scriptus,CETARTIODACTYLA,2,1,4.83784830103783,21.7020282040741,0.685512268087351,6.54658142730904,19.7020282040741,5.54658142730904
Tragelaphus_strepsiceros,CETARTIODACTYLA,7,3,4.92129944661812,22.438555492505,2.32127743321474,6.62785166910211,15.438555492505,3.62785166910211
Tragulus_javanicus,CETARTIODACTYLA,1,0,1.64584336750796,11.6517429314155,0.3572893090331,3.58391358628408,10.6517429314155,3.58391358628408
Trichosurus_vulpecula,DIPROTODONTIA,2,1,3.89747201608549,9.93406146803513,1.15648374498293,5.71534327840317,7.93406146803513,4.71534327840317
Trinomys_iheringi,RODENTIA,1,1,1.52397044407071,20.0727651627538,0.843307194657974,14.2246312293396,19.0727651627538,13.2246312293396
Tupaia_belangeri,SCANDENTIA,3,0,3.36466509750425,15.7117630640288,0.0481694500628629,0.232897768336293,12.7117630640288,0.232897768336293
Tylomys_nudicaudus,RODENTIA,1,1,1.65087713090478,21.7442989725559,0.737820667411047,13.5714540664479,20.7442989725559,12.5714540664479
Urocyon_cinereoargenteus,CARNIVORA,5,5,2.47646866865117,10.2362326865695,3.59772116974789,6.63992366069631,5.23623268656949,1.63992366069631
Uroderma_bilobatum,CHIROPTERA,5,4,2.60721261930268,35.0435662525022,4.37777135735539,25.7564053223128,30.0435662525022,21.7564053223128
Ursus_americanus,CARNIVORA,3,0,3.85294438398402,11.6951340543551,1.8470648606809,7.19268143706355,8.69513405435514,7.19268143706355
Ursus_arctos,CARNIVORA,1,1,2.96091512847161,9.74316656456481,0.548468220643225,5.53354276495202,8.74316656456481,4.53354276495202
Ursus_maritimus,CARNIVORA,3,1,1.54469505966672,7.04014902741306,1.91444971432395,4.35516274398741,4.04014902741306,3.35516274398741
Vampyrodes_caraccioli,CHIROPTERA,2,2,3.16458792130907,42.8833829752708,1.69788223060071,30.7331480355718,40.8833829752708,28.7331480355718
Varecia_variegata,PRIMATES,1,1,1.94366571718491,12.0289658848515,0.58374582780882,6.1646786094957,11.0289658848515,5.1646786094957
Vespertilio_murinus,CHIROPTERA,4,3,2.87353886383467,21.5373144144717,3.66004310433177,17.6924609987114,17.5373144144717,14.6924609987114
Vespertilio_sinensis,CHIROPTERA,1,1,1.59190886677668,20.9676066669382,0.941661640342951,16.5917328884208,19.9676066669382,15.5917328884208
Vulpes_vulpes,CARNIVORA,6,5,8.05163480502821,8.05163480502821,3.28200234423513,4.66840650246037,2.05163480502821,-0.331593497539634
Xerus_erythropus,RODENTIA,2,1,2.32046075015857,22.1048485347456,1.3317733794378,12.2988524884436,20.1048485347456,11.2988524884436
Xerus_inauris,RODENTIA,1,1,1.29254672393187,15.3086667969371,0.690822156000813,8.85803465871388,14.3086667969371,7.85803465871388
Zygodontomys_brevicauda,RODENTIA,10,6,4.05963475821223,34.2262849423446,8.36216858184043,23.9521442644157,24.2262849423446,17.9521442644157
